{
    "rmse": 0.7110445775922538,
    "mae": 0.5703078431962112,
    "r2": 0.20257775750861484
}